{
    "ADITMADZSAdmin": {},
    "ADITMADZSGfoto": {},
    "ADITMADZSSDadmin": false,
    "ADITMADZSSDstaff": false,
    "ADITMADZSSadmin": false,
    "ADITMADZSSstaff": false,
    "ADITMADZSStaff": {},
    "ADITMADZSautojoin": true,
    "ADITMADZSautoread": false,
    "ADITMADZSautoscan": false,
    "ADITMADZSblacklist": {},
    "ADITMADZSdblacklist": false,
    "ADITMADZSfoto": {},
    "ADITMADZSgreet": {},
    "ADITMADZSlimit": 1,
    "ADITMADZSmessage": "Hallo...",
    "ADITMADZSmessage1": "Creator http://line.me/ti/p/%40scj2592u",
    "ADITMADZSprotcancel": {},
    "ADITMADZSprotinvite": {},
    "ADITMADZSprotkick": {},
    "ADITMADZSprotqr": {},
    "ADITMADZSreadMember": {},
    "ADITMADZSreadPoint": {},
    "ADITMADZSwblacklist": false,
    "Addimage": false,
    "Images": {},
    "Img": {},
    "autoAdd": false,
    "autoJoin": false,
    "autoJoinTicket": true,
    "autoLeave": true,
    "autoRead": false,
    "autoReject": false,
    "changeGroupPicture": false,
    "changePicture": false,
    "keyCommand": "",
    "namecreator": "Aditmadzs",
    "restartBot": {},
    "restartPoint": "c10aca7d5f11e463ce46d0ba3039d155e",
    "server": {},
    "userAgent": {}
}