{
    "Mentiongift": false,
    "Mentionkick": false,
    "Respontag": ".📵สนใจโปรแกรม scan หรือ  มีปัญหาในการเติมเงิน Hiallbet 💯 ส่วนตัวเท่านั้นครับ  \n📲 063-3374457 😁😁😁",
    "Talkblacklist": {},
    "Talkdblacklist": false,
    "Talkwblacklist": false,
    "addadmin": false,
    "addbots": false,
    "addstaff": false,
    "admin": {},
    "autoAdd": false,
    "autoJoin": true,
    "autoJoinTicket": false,
    "autoLeave": false,
    "autoLeave1": false,
    "autoRead": false,
    "blacklist": {
        "u0b305c11e0f3c1b759603368e24012d2": true,
        "u76ae12eba43faf4dea6353f74ddfe60b": true,
        "u8d691abc270aaa6c2afded81400f87ce": true,
        "u90cedac8c2eee2e5b8cab1385e882e7d": true,
        "uba5e589c17770ccbe56bfe7ec32aef84": true,
        "uc1cb2a083e84a53f4b0958cc8faf100c": true,
        "uc35cd9d881038eddd9fa06d7381bed93": true,
        "uf3fc6311f762cf443040bff74d25635d": true
    },
    "bots": {},
    "comment": "Like like & like by TON BOT LINE",
    "contact": false,
    "dblacklist": false,
    "delladmin": true,
    "dellbots": false,
    "dellstaff": false,
    "detectMention": false,
    "leave": "Good Bye, See You Next Time ??",
    "limit": 1,
    "mention": "read bae, nongol napa bales chat -_-",
    "message": "🌷สนใจติดเชลบอท 🍁ขายไฟลเชลบอท สคิปเชล/สคิปบิน เซิฟเวอร์ รันเชล\n\n🌷รับจ้างสอนทำเชล 👉แก้ไฟลเชล 👉เพิ่มคำสั่ง เพิ่มลูกเล่น(^_^)\n\n🍒ติดต่อผู้สร้าง : http://line.me/ti/p/%40scj2592u\n\n-AUTO ADD TON",
    "owner": {},
    "selfbot": true,
    "staff": {},
    "sticker": false,
    "talkban": false,
    "unsend": false,
    "wblacklist": false,
    "welcome": "Selamat datang!!!",
    "welcomeOn": true
}